id,reaction,label
0,e2,E_D_A_C_C_B
1,e2,A_E_A_E_B_B
2,e2,A_D_E_E_B_B
3,sn2,A_D_B_A_C_B
4,e2,E_C_C_D_B_B
5,sn2,A_C_D_B_C_C
6,sn2,A_C_D_C_B_B
7,e2,D_B_E_E_B_C
8,sn2,A_A_A_B_B_D
9,sn2,D_D_C_A_B_D
10,e2,D_E_D_B_C_B
11,e2,A_B_E_D_B_C
12,sn2,A_B_A_D_A_C
13,sn2,D_D_D_A_A_D
14,e2,B_A_A_E_B_D
15,sn2,D_A_A_C_B_B
16,e2,D_A_A_C_C_B
17,sn2,D_B_A_A_C_B
18,sn2,E_A_B_C_B_B
19,e2,A_E_D_A_C_B
20,sn2,C_E_A_D_A_C
21,sn2,D_B_D_A_B_B
22,e2,E_C_C_E_B_B
23,sn2,A_B_D_C_B_B
24,sn2,C_B_A_A_B_B
25,sn2,A_C_A_D_C_C
26,sn2,D_D_A_A_A_C
27,e2,B_A_E_A_C_C
28,e2,D_D_D_D_C_C
29,sn2,D_A_A_E_C_B
30,sn2,C_C_E_C_C_B
31,sn2,A_A_D_B_B_B
32,sn2,D_D_C_C_C_B
33,sn2,D_A_C_B_B_D
34,e2,E_A_C_A_C_B
35,sn2,A_A_C_A_C_C
36,sn2,A_D_E_E_B_D
37,e2,B_D_E_D_B_B
38,e2,E_A_E_D_C_B
39,e2,A_E_C_A_C_B
40,sn2,A_A_D_C_B_D
41,e2,C_A_E_A_B_B
42,e2,D_A_C_A_A_B
43,e2,B_D_E_A_C_C
44,e2,A_A_D_C_B_C
45,sn2,C_A_E_A_B_D
46,e2,E_C_E_E_C_B
47,sn2,E_E_C_C_B_B
48,sn2,E_A_A_A_A_C
49,sn2,A_D_D_A_A_D
50,e2,D_C_A_A_B_C
51,sn2,D_A_A_D_C_B
52,sn2,C_D_D_D_B_B
53,sn2,C_D_E_A_A_C
54,sn2,E_B_D_C_C_B
55,sn2,A_E_A_B_B_B
56,sn2,A_D_A_C_A_C
57,sn2,D_C_A_A_C_C
58,e2,A_A_E_A_C_D
59,e2,C_D_E_A_B_D
60,e2,D_B_E_A_B_B
61,e2,C_E_C_D_B_C
62,e2,D_A_E_E_C_C
63,e2,E_A_E_A_C_B
64,e2,E_D_D_E_C_B
65,sn2,A_E_E_D_B_B
66,sn2,C_D_E_D_C_B
67,e2,C_A_C_C_A_B
68,sn2,B_D_A_A_C_B
69,sn2,C_C_A_D_C_C
70,sn2,A_A_B_D_C_C
71,e2,C_C_E_E_C_C
72,sn2,C_D_A_A_C_C
73,e2,B_E_A_D_B_B
74,e2,E_A_A_A_C_B
75,e2,B_D_A_D_B_B
76,sn2,C_A_B_A_C_B
77,sn2,B_A_D_C_C_B
78,sn2,D_D_A_D_B_B
79,sn2,A_D_A_C_A_D
80,e2,D_B_A_E_C_B
81,sn2,A_C_C_D_C_B
82,sn2,A_D_E_E_A_C
83,sn2,A_D_D_E_B_D
84,sn2,B_D_D_A_C_B
85,sn2,D_A_B_B_B_B
86,sn2,A_C_B_C_B_B
87,e2,C_D_D_D_C_C
88,sn2,D_D_D_A_C_C
89,sn2,E_E_B_C_A_D
90,sn2,B_A_A_C_B_B
91,sn2,A_A_C_E_B_D
92,e2,D_A_D_A_B_B
93,e2,C_D_E_D_B_C
94,sn2,E_E_C_C_A_C
95,e2,D_B_D_A_C_B
96,sn2,D_B_C_A_C_C
97,e2,A_A_E_B_B_D
98,sn2,A_C_D_A_A_C
99,sn2,A_D_C_D_B_B
100,sn2,A_B_A_A_C_C
101,e2,C_D_C_E_C_C
102,e2,C_D_A_A_C_C
103,sn2,A_A_B_C_C_B
104,e2,C_A_A_A_A_B
105,sn2,D_A_D_B_B_B
106,e2,C_E_B_D_B_B
107,sn2,B_A_A_C_C_B
108,sn2,E_C_B_D_B_D
109,e2,D_C_A_D_B_C
110,e2,C_D_A_E_C_B
111,e2,D_E_A_B_C_B
112,e2,B_A_A_E_C_B
113,e2,A_D_E_B_B_C
114,sn2,E_B_A_A_C_B
115,e2,A_B_E_E_C_B
116,e2,A_C_D_E_C_C
117,e2,B_D_E_A_C_B
118,e2,A_A_C_A_C_B
119,e2,A_D_A_A_C_C
120,e2,D_A_D_D_B_C
121,sn2,A_A_C_D_C_C
122,sn2,B_E_A_A_A_C
123,e2,A_D_D_D_B_B
124,sn2,C_A_C_D_B_B
125,sn2,A_C_D_C_C_B
126,sn2,A_A_D_C_A_C
127,sn2,D_D_C_A_B_B
128,e2,B_E_E_E_B_B
129,e2,C_C_C_A_C_B
130,sn2,B_E_D_E_C_B
131,e2,A_D_D_E_B_B
132,sn2,A_D_E_D_A_C
133,e2,A_D_E_D_C_B
134,sn2,A_D_E_C_C_C
135,e2,E_D_A_E_B_B
136,sn2,A_E_E_C_B_B
137,e2,C_C_A_E_B_B
138,sn2,D_D_B_A_A_C
139,e2,E_A_A_C_B_B
140,sn2,A_D_A_E_B_B
141,e2,D_E_D_E_C_B
142,sn2,D_B_E_A_B_B
143,sn2,E_E_B_B_B_B
144,sn2,C_E_C_A_B_B
145,e2,A_E_D_C_B_B
146,sn2,C_D_D_A_C_C
147,sn2,B_A_D_D_A_C
148,sn2,E_C_C_C_A_C
149,sn2,A_C_E_A_B_B
150,e2,A_B_E_E_B_B
151,sn2,A_E_C_E_B_B
152,sn2,D_A_D_C_A_D
153,e2,D_D_E_D_C_B
154,sn2,C_D_C_E_C_B
155,e2,B_E_A_A_B_B
156,sn2,B_E_A_D_C_B
157,sn2,A_A_D_E_A_C
158,e2,A_E_D_D_C_B
159,e2,B_C_E_A_B_D
160,sn2,D_A_D_B_B_D
161,sn2,B_E_D_D_B_B
162,e2,C_C_E_A_C_B
163,sn2,A_C_B_A_B_D
164,e2,A_B_E_A_C_C
165,e2,C_A_C_D_A_B
166,e2,C_C_E_E_C_B
167,sn2,C_C_D_A_C_C
168,sn2,D_C_D_D_B_D
169,e2,D_E_D_D_C_B
170,sn2,B_E_A_D_A_C
171,sn2,A_A_B_A_B_D
172,sn2,A_E_A_C_B_B
173,sn2,A_C_D_A_B_B
174,e2,B_D_D_A_B_B
175,e2,B_A_E_B_C_B
176,e2,C_C_A_D_B_C
177,sn2,A_D_A_B_C_C
178,sn2,A_D_A_B_C_B
179,e2,E_A_D_D_B_B
180,e2,E_D_A_E_C_B
181,sn2,D_B_E_E_A_D
182,e2,B_A_D_A_C_B
183,e2,D_C_D_E_B_C
184,sn2,D_A_A_B_A_D
185,sn2,B_A_B_C_C_C
186,sn2,C_D_C_C_B_B
187,e2,D_C_D_E_B_B
188,e2,C_D_D_A_C_C
189,sn2,D_A_D_D_B_B
190,sn2,D_D_E_C_A_D
191,sn2,E_B_A_E_C_C
192,sn2,E_C_A_A_A_D
193,e2,C_C_B_D_C_C
194,e2,D_C_E_D_B_C
195,e2,D_A_D_A_B_C
196,sn2,C_E_A_B_A_C
197,sn2,D_A_A_B_B_D
198,sn2,A_C_A_B_C_B
199,e2,E_B_A_A_C_B
200,e2,D_A_D_A_C_B
201,sn2,E_E_C_D_B_B
202,sn2,C_D_A_E_A_D
203,sn2,C_E_D_C_A_C
204,e2,C_A_D_D_C_B
205,sn2,A_A_E_D_C_B
206,e2,A_D_D_A_C_B
207,sn2,A_E_E_A_C_B
208,e2,E_C_D_A_B_C
209,sn2,D_A_E_A_C_C
210,sn2,A_E_A_C_A_C
211,sn2,A_C_A_C_B_B
212,e2,B_A_D_E_B_B
213,sn2,D_E_E_A_B_B
214,e2,C_B_A_A_B_B
215,sn2,E_E_C_B_B_B
216,e2,A_B_D_D_B_B
217,e2,C_D_D_A_C_B
218,sn2,D_C_E_E_A_C
219,e2,C_C_A_E_C_B
220,sn2,C_E_D_C_C_B
221,sn2,D_C_E_C_B_B
222,sn2,A_A_B_C_B_B
223,sn2,D_C_C_E_B_D
224,sn2,D_B_A_D_B_B
225,sn2,B_A_D_A_B_B
226,e2,B_D_E_D_B_D
227,sn2,A_E_D_E_B_B
228,e2,D_C_A_D_B_B
229,e2,E_A_C_D_B_B
230,sn2,A_D_B_B_B_B
231,e2,D_B_E_E_B_B
232,e2,D_A_A_E_B_B
233,sn2,A_C_A_B_A_C
234,e2,E_B_D_A_B_B
235,sn2,B_E_E_C_B_B
236,e2,A_C_E_E_C_B
237,sn2,A_A_C_B_C_C
238,sn2,A_C_B_E_A_C
239,e2,A_C_E_A_C_C
240,e2,C_E_A_D_B_C
241,sn2,A_D_A_E_B_D
242,sn2,D_C_A_D_A_D
243,e2,D_A_E_E_B_B
244,sn2,A_B_D_D_A_C
245,sn2,A_B_E_E_A_C
246,e2,A_D_E_C_B_B
247,sn2,B_A_E_C_B_B
248,e2,B_E_A_D_B_C
249,sn2,B_A_E_D_C_B
250,e2,C_C_C_D_C_C
251,sn2,B_E_C_C_B_D
252,sn2,C_A_B_D_C_B
253,e2,C_D_E_E_B_C
254,sn2,A_D_B_D_C_B
255,sn2,C_D_C_A_A_C
256,sn2,A_E_C_C_B_B
257,sn2,A_A_B_E_A_C
258,sn2,C_D_A_E_C_B
259,e2,C_C_D_D_B_B
260,e2,B_E_D_A_C_B
261,sn2,A_B_E_A_B_B
262,sn2,C_A_A_C_B_D
263,e2,B_C_C_A_C_B
264,sn2,A_E_E_A_B_B
265,e2,D_A_A_D_C_C
266,e2,A_D_E_D_C_D
267,sn2,A_E_A_E_B_B
268,sn2,E_A_B_B_A_C
269,sn2,E_A_C_C_B_B
270,sn2,D_A_E_A_B_D
271,sn2,A_D_D_E_B_B
272,e2,D_A_A_E_C_B
273,sn2,B_D_D_C_A_C
274,sn2,D_C_C_B_C_B
275,sn2,A_D_E_E_A_D
276,e2,A_B_A_D_C_C
277,sn2,A_A_D_E_C_C
278,e2,E_C_C_A_B_B
279,e2,A_B_D_D_C_B
280,sn2,A_C_A_C_B_D
281,sn2,E_C_A_D_B_B
282,e2,A_B_D_A_C_B
283,e2,D_C_A_D_C_B
284,sn2,A_E_D_D_C_B
285,sn2,B_A_E_E_B_D
286,e2,D_A_E_E_C_B
287,e2,B_C_A_D_C_B
288,sn2,A_D_E_C_B_B
289,e2,C_E_C_A_A_B
290,sn2,A_A_B_E_B_D
291,e2,B_A_E_E_B_D
292,e2,D_E_E_E_B_B
293,e2,E_B_E_A_B_B
294,sn2,A_D_C_D_B_D
295,sn2,D_B_D_E_B_D
296,e2,A_B_D_E_B_C
297,e2,D_C_A_E_C_C
298,sn2,C_D_A_D_A_C
299,e2,A_A_A_D_B_B
300,e2,D_A_D_C_B_B
301,e2,D_A_A_D_C_D
302,sn2,C_A_C_A_C_C
303,sn2,E_A_D_B_B_D
304,e2,D_D_A_A_B_B
305,e2,A_D_E_E_B_C
306,sn2,A_D_A_E_A_D
307,sn2,B_A_B_E_A_C
308,e2,A_E_E_D_B_B
309,sn2,B_D_A_A_A_C
310,sn2,A_D_A_A_C_C
311,e2,C_A_D_E_C_B
312,e2,C_D_E_A_C_D
313,sn2,C_A_E_B_C_B
314,sn2,B_A_C_D_B_B
315,e2,C_D_A_E_B_B
316,sn2,C_D_A_C_C_C
317,sn2,E_B_A_C_C_C
318,e2,B_A_D_E_B_C
319,sn2,A_D_A_C_C_C
320,sn2,A_C_C_B_C_C
321,sn2,C_A_B_A_C_C
322,sn2,D_A_E_B_C_C
323,e2,A_A_D_A_B_B
324,sn2,C_D_A_D_A_D
325,sn2,E_B_D_A_B_B
326,sn2,D_A_A_B_A_C
327,sn2,C_D_A_E_B_D
328,sn2,C_E_C_D_B_B
329,e2,D_D_A_D_B_B
330,e2,B_D_E_E_C_B
331,e2,B_C_E_E_B_B
332,e2,C_C_A_C_C_C
333,sn2,D_C_B_A_A_D
334,sn2,C_D_B_B_B_B
335,sn2,A_C_D_E_C_C
336,sn2,A_B_C_B_A_C
337,sn2,B_A_A_D_B_D
338,sn2,C_E_A_E_A_D
339,e2,E_A_D_E_B_B
340,sn2,C_D_D_E_A_D
341,e2,A_B_D_E_C_B
342,sn2,C_A_A_D_C_C
343,sn2,E_A_E_D_A_D
344,sn2,E_C_D_D_A_D
345,sn2,B_E_A_A_B_B
346,e2,D_D_A_A_B_C
347,sn2,E_B_B_A_B_B
348,e2,B_A_E_D_C_B
349,e2,C_A_E_D_B_B
350,e2,D_A_D_E_B_C
351,e2,D_E_A_E_B_B
352,sn2,D_C_B_C_A_C
353,sn2,C_A_D_E_A_C
354,sn2,A_D_B_C_C_B
355,e2,C_E_E_C_B_C
356,e2,E_C_C_E_C_C
357,e2,C_A_A_A_C_B
358,e2,A_B_E_A_C_B
359,e2,A_A_A_A_B_D
360,sn2,C_E_A_E_A_C
361,sn2,A_B_B_E_C_C
362,sn2,C_B_A_A_C_C
363,sn2,E_B_E_E_C_B
364,e2,B_D_B_E_C_B
365,sn2,D_C_A_A_A_C
366,e2,E_D_A_A_B_B
367,e2,B_E_A_A_B_C
368,e2,A_A_D_A_B_C
369,sn2,E_A_E_C_A_D
370,sn2,E_C_A_D_A_D
371,e2,D_D_D_D_C_B
372,sn2,C_A_A_B_B_D
373,e2,A_B_E_D_C_D
374,e2,A_C_A_A_A_B
375,e2,E_A_A_D_C_B
376,sn2,A_D_B_A_A_C
377,e2,D_E_A_A_B_B
378,sn2,E_A_D_D_B_B
379,e2,A_C_A_C_C_D
380,sn2,C_D_D_C_C_C
381,sn2,C_D_A_E_B_B
382,sn2,D_C_D_D_A_C
383,e2,E_A_D_A_B_B
384,sn2,C_E_D_D_A_C
385,e2,C_A_D_D_B_B
386,e2,A_E_E_C_C_B
387,sn2,E_A_D_C_A_C
388,sn2,C_E_C_B_A_C
389,sn2,E_B_D_C_B_B
390,e2,D_B_E_A_B_C
391,e2,D_C_E_D_C_B
392,sn2,B_D_D_D_B_B
393,e2,A_A_D_E_B_D
394,e2,E_D_D_D_B_B
395,sn2,D_D_B_E_A_D
396,sn2,A_A_D_E_B_D
397,sn2,E_B_A_D_B_B
398,sn2,D_C_D_D_A_D
399,e2,A_C_C_D_C_C
400,sn2,A_C_A_E_A_C
401,sn2,A_A_E_B_A_C
402,e2,C_D_C_D_C_C
403,sn2,C_E_A_C_C_B
404,sn2,D_D_A_C_B_D
405,sn2,D_B_D_E_A_C
406,sn2,E_A_C_B_C_B
407,sn2,A_C_C_C_C_C
408,e2,E_D_E_B_C_B
409,e2,C_E_C_D_C_B
410,e2,C_A_E_A_C_B
411,e2,B_D_E_E_B_B
412,sn2,D_D_A_B_C_C
413,e2,A_D_A_A_C_B
414,sn2,C_D_E_A_C_B
415,e2,C_D_E_E_B_B
416,sn2,C_D_D_A_A_C
417,e2,C_C_A_A_B_C
418,sn2,D_C_A_D_B_D
419,e2,A_C_E_D_C_C
420,e2,B_C_D_E_C_B
421,e2,E_C_E_C_C_B
422,e2,A_D_E_A_C_D
423,sn2,C_A_B_A_A_C
424,e2,C_A_A_A_B_B
425,sn2,D_D_E_C_C_B
426,sn2,E_A_C_C_A_C
427,e2,A_A_A_E_B_C
428,e2,A_C_B_E_C_D
429,e2,C_C_E_C_B_B
430,sn2,D_A_B_B_B_D
431,e2,A_C_A_C_B_B
432,sn2,D_A_E_D_B_B
433,e2,A_B_D_E_B_D
434,e2,C_C_D_E_B_C
435,e2,B_C_D_E_C_C
436,sn2,A_A_E_D_A_D
437,sn2,B_E_D_A_C_B
438,sn2,D_D_B_A_C_B
439,e2,D_A_E_A_B_B
440,e2,C_A_D_A_A_B
441,sn2,E_B_B_A_A_C
442,sn2,B_A_A_D_C_C
443,sn2,B_A_A_A_A_C
444,sn2,C_E_C_D_C_B
445,e2,E_D_E_A_B_B
446,sn2,C_C_D_D_A_C
447,e2,C_C_E_A_B_C
448,e2,A_E_E_E_B_B
449,sn2,C_D_E_C_B_B
450,sn2,D_A_A_C_C_B
451,sn2,D_D_A_B_B_D
452,sn2,A_A_E_E_C_C
453,sn2,A_D_E_A_B_B
454,e2,E_C_A_C_A_B
455,e2,C_A_D_A_C_B
456,sn2,A_C_E_A_C_C
457,sn2,D_E_B_B_A_C
458,sn2,D_A_E_B_B_D
459,e2,C_C_C_E_B_C
460,sn2,C_E_A_B_B_B
461,sn2,A_D_C_C_C_C
462,sn2,D_D_C_A_C_B
463,sn2,A_C_C_C_B_B
464,e2,B_C_A_D_B_B
465,e2,D_D_C_D_B_B
466,sn2,A_D_D_C_A_C
467,e2,E_C_B_A_B_C
468,sn2,C_C_A_B_A_C
469,sn2,B_C_C_E_A_C
470,e2,C_C_E_A_B_D
471,e2,E_C_A_D_B_B
472,sn2,D_A_A_E_A_C
473,sn2,E_B_C_A_B_B
474,sn2,A_C_C_A_B_B
475,sn2,C_A_D_B_B_D
476,e2,B_A_D_D_C_C
477,sn2,C_A_D_D_B_B
478,e2,C_A_A_D_B_B
479,sn2,D_A_E_D_A_D
480,sn2,A_A_C_C_B_B
481,sn2,E_C_E_D_C_B
482,e2,A_C_A_E_B_C
483,sn2,D_D_E_D_A_C
484,e2,C_C_A_E_B_C
485,e2,A_B_C_E_C_C
486,e2,D_A_E_D_C_C
487,e2,A_B_E_D_C_B
488,e2,C_E_A_B_C_B
489,sn2,B_E_A_C_A_C
490,sn2,E_A_C_A_C_B
491,sn2,D_A_D_D_B_D
492,sn2,E_C_E_A_A_C
493,sn2,D_A_D_A_A_D
494,sn2,C_A_B_D_B_D
495,sn2,E_C_A_A_B_B
496,sn2,C_D_C_A_C_B
497,e2,A_E_A_C_C_B
498,sn2,C_A_C_A_B_B
499,e2,E_C_B_E_B_B
500,e2,A_A_A_A_C_C
501,sn2,A_D_C_B_B_D
502,sn2,D_A_D_D_C_B
503,e2,A_E_A_A_B_B
504,sn2,D_C_D_C_A_C
505,e2,B_A_A_A_B_D
506,sn2,D_A_B_D_C_C
507,e2,D_C_D_D_B_C
508,sn2,A_D_C_B_B_B
509,e2,D_D_E_C_C_C
510,sn2,D_C_C_C_C_B
511,sn2,B_D_A_A_B_B
512,sn2,A_C_B_B_C_B
513,sn2,D_A_C_C_B_B
514,sn2,D_D_C_D_B_B
515,e2,A_C_A_E_C_B
516,sn2,A_C_C_E_B_B
517,e2,D_D_D_C_C_B
518,e2,B_A_E_E_B_B
519,e2,A_A_D_D_B_D
520,sn2,C_E_D_A_C_B
521,sn2,C_D_A_B_C_B
522,e2,A_A_A_A_B_C
523,sn2,A_E_A_A_A_C
524,e2,D_C_E_C_C_C
525,sn2,B_E_A_A_A_D
526,e2,E_A_E_A_B_B
527,sn2,B_D_D_C_C_B
528,e2,C_A_C_D_C_C
529,sn2,A_C_A_E_B_D
530,e2,B_A_E_A_C_B
531,e2,B_C_A_E_C_B
532,e2,A_D_E_A_C_C
533,e2,D_A_D_D_C_B
534,e2,E_B_E_E_B_B
535,sn2,A_A_E_B_C_B
536,e2,E_D_B_D_B_B
537,sn2,C_E_C_E_A_C
538,e2,A_B_E_E_B_C
539,e2,E_D_C_D_C_B
540,sn2,B_A_C_A_B_D
541,e2,C_A_A_A_B_D
542,e2,B_E_C_D_C_B
543,sn2,B_A_E_A_B_B
544,e2,C_E_E_C_C_C
545,sn2,E_C_A_D_C_B
546,e2,C_A_A_D_A_B
547,sn2,E_A_D_A_B_B
548,sn2,E_A_B_A_A_D
549,sn2,C_A_A_A_C_B
550,sn2,B_A_A_D_C_B
551,sn2,A_E_E_E_B_B
552,sn2,C_A_D_D_A_C
553,sn2,C_C_A_A_C_C
554,e2,C_A_E_E_B_C
555,sn2,E_D_C_C_C_B
556,e2,C_C_D_D_C_C
557,e2,A_C_A_E_B_B
558,sn2,A_A_C_D_B_D
559,sn2,D_A_C_A_C_B
560,sn2,D_D_A_A_B_B
561,sn2,E_C_C_A_C_C
562,sn2,E_A_D_D_A_C
563,e2,E_C_C_A_B_C
564,sn2,B_E_C_A_A_D
565,e2,C_A_A_A_C_C
566,sn2,A_B_D_A_B_B
567,e2,A_A_C_D_B_C
568,sn2,E_C_E_C_C_B
569,sn2,D_C_D_A_A_C
570,e2,C_E_C_A_B_D
571,e2,D_A_A_A_B_B
572,sn2,D_A_A_E_A_D
573,sn2,D_D_D_D_A_C
574,e2,D_C_E_D_C_C
575,sn2,D_A_E_A_A_D
576,e2,C_A_D_C_B_C
577,sn2,D_C_D_E_A_D
578,sn2,A_C_D_B_A_C
579,e2,C_C_E_D_B_D
580,e2,C_A_D_A_B_C
581,sn2,D_A_B_E_B_D
582,sn2,A_C_D_E_B_D
583,e2,D_E_E_D_C_B
584,e2,A_D_D_D_B_C
585,sn2,B_E_A_E_B_B
586,e2,A_C_D_C_C_B
587,e2,D_D_C_E_B_B
588,sn2,A_B_B_A_B_B
589,sn2,C_C_B_C_B_B
590,e2,D_D_A_D_C_C
591,e2,A_D_A_E_B_D
592,e2,A_C_A_D_B_C
593,e2,B_D_A_E_C_C
594,sn2,C_E_D_D_C_B
595,e2,B_A_A_C_C_B
596,sn2,D_C_A_E_B_B
597,e2,A_B_E_D_B_B
598,e2,E_C_A_E_C_B
599,e2,A_A_A_E_C_D
600,sn2,A_D_B_D_B_B
601,sn2,A_A_E_C_B_B
602,sn2,D_B_A_D_A_C
603,sn2,C_C_E_A_C_C
604,sn2,A_C_A_B_B_D
605,sn2,C_D_D_E_C_B
606,e2,D_D_D_A_B_C
607,e2,B_C_D_A_C_B
608,sn2,C_C_E_E_B_B
609,sn2,C_E_B_E_A_C
610,sn2,A_E_C_B_A_D
611,e2,A_B_A_E_C_D
612,sn2,A_D_E_D_C_B
613,e2,A_D_B_D_C_D
614,e2,D_A_A_D_B_B
615,sn2,A_E_C_D_B_B
616,sn2,D_D_D_A_B_B
617,e2,C_A_B_D_A_B
618,e2,C_E_C_E_C_B
619,e2,D_E_E_A_C_B
620,e2,B_A_A_A_A_B
621,sn2,A_A_D_E_B_B
622,sn2,A_E_E_C_C_B
623,e2,D_E_B_D_B_B
624,sn2,D_C_C_D_B_B
625,e2,C_A_E_B_B_D
626,sn2,A_A_A_C_C_C
627,sn2,A_E_A_B_A_C
628,sn2,D_A_B_A_A_D
629,sn2,D_A_D_E_A_C
630,e2,E_C_D_E_B_B
631,sn2,A_C_B_E_B_B
632,e2,D_D_C_E_B_C
633,e2,B_A_A_D_C_C
634,sn2,C_A_C_E_B_D
635,e2,B_A_C_B_A_B
636,e2,B_E_C_D_B_C
637,sn2,C_A_D_A_C_B
638,sn2,E_A_B_B_B_B
639,sn2,D_A_A_E_B_B
640,sn2,B_A_B_C_B_B
641,e2,E_A_A_B_B_B
642,e2,B_D_A_D_B_C
643,sn2,A_D_C_A_B_B
644,e2,E_C_A_B_B_B
645,sn2,C_E_C_E_B_B
646,sn2,C_C_D_A_A_C
647,sn2,D_C_D_B_A_C
648,e2,D_C_E_A_B_D
649,e2,D_D_D_E_B_C
650,sn2,D_A_C_E_A_D
651,sn2,C_E_E_A_B_B
652,sn2,C_E_C_A_A_C
653,sn2,B_D_D_A_C_C
654,sn2,E_B_A_C_C_B
655,e2,A_C_D_D_C_B
656,sn2,D_A_E_D_B_D
657,sn2,A_D_D_C_C_C
658,e2,E_A_E_E_C_B
659,sn2,D_C_B_A_C_B
660,e2,B_D_A_A_C_B
661,e2,A_C_E_D_B_C
662,e2,C_B_D_E_B_D
663,sn2,B_A_A_B_C_C
664,sn2,D_B_A_D_B_D
665,e2,D_A_E_E_B_D
666,sn2,C_A_E_E_B_B
667,sn2,C_A_A_B_B_B
668,sn2,D_D_A_A_C_C
669,sn2,A_A_D_C_C_B
670,sn2,E_C_E_A_A_D
671,sn2,C_E_A_A_C_B
672,sn2,A_E_C_C_A_C
673,sn2,A_B_A_A_B_D
674,sn2,B_A_B_D_A_C
675,sn2,A_A_E_E_C_B
676,sn2,A_A_E_D_A_C
677,sn2,D_A_E_E_B_B
678,sn2,A_A_D_D_C_C
679,sn2,B_A_E_E_B_B
680,sn2,A_C_A_A_B_B
681,e2,E_D_D_D_C_B
682,sn2,D_C_C_A_A_C
683,sn2,C_C_A_A_A_C
684,sn2,C_E_E_D_C_B
685,e2,B_C_E_A_C_D
686,sn2,E_B_E_C_A_D
687,sn2,A_B_A_A_A_C
688,e2,D_D_E_E_C_B
689,e2,A_C_C_E_B_B
690,sn2,C_C_D_E_A_C
691,e2,B_C_E_A_B_B
692,e2,E_C_A_D_C_B
693,e2,D_A_A_D_C_B
694,sn2,D_C_E_E_A_D
695,e2,A_A_E_A_A_B
696,sn2,A_C_D_D_B_D
697,sn2,B_E_E_A_A_C
698,e2,E_C_A_E_B_B
699,e2,A_B_D_E_C_C
700,sn2,E_A_E_C_A_C
701,e2,A_D_A_D_B_C
702,sn2,B_A_B_C_C_B
703,sn2,E_C_E_E_C_B
704,sn2,E_C_D_B_B_B
705,e2,A_A_D_A_C_B
706,e2,B_B_E_A_C_B
707,sn2,D_A_D_A_B_B
708,sn2,C_E_B_D_A_C
709,e2,C_C_E_E_B_C
710,e2,C_B_E_A_C_B
711,sn2,E_C_E_D_B_B
712,sn2,C_A_B_C_C_B
713,sn2,E_A_A_C_B_B
714,sn2,C_A_D_C_C_C
715,sn2,D_B_C_C_B_B
716,sn2,C_D_D_E_B_B
717,sn2,A_A_D_D_C_B
718,sn2,C_E_A_C_B_B
719,sn2,E_B_A_A_A_C
720,sn2,E_C_A_D_A_C
721,sn2,E_C_C_D_A_C
722,sn2,D_D_C_E_B_B
723,e2,C_E_D_A_C_B
724,e2,A_A_E_D_C_D
725,e2,A_C_E_A_B_B
726,e2,E_A_A_C_C_B
727,e2,C_E_B_A_B_B
728,sn2,A_E_E_D_A_C
729,sn2,D_D_E_D_C_B
730,sn2,C_E_C_D_A_C
731,sn2,D_D_A_D_C_C
732,sn2,C_A_E_C_B_D
733,e2,E_A_A_D_A_B
734,e2,D_A_C_E_C_C
735,sn2,B_E_A_C_C_B
736,e2,D_A_D_E_C_C
737,sn2,A_A_C_D_C_B
738,sn2,E_C_A_D_B_D
739,sn2,D_A_A_D_C_C
740,e2,E_D_D_A_B_B
741,sn2,E_C_B_C_A_C
742,e2,B_A_A_A_C_C
743,e2,D_A_D_D_B_B
744,e2,D_D_E_D_C_C
745,sn2,A_E_A_E_C_B
746,e2,C_A_A_A_B_C
747,e2,D_D_A_D_C_B
748,sn2,A_A_D_D_B_B
749,e2,E_A_A_E_C_B
750,sn2,B_E_A_E_A_C
751,e2,C_D_A_E_B_C
752,sn2,A_B_C_E_B_D
753,sn2,A_A_D_B_A_C
754,e2,C_E_A_E_B_B
755,e2,D_C_D_A_C_C
756,e2,C_D_E_A_C_C
757,sn2,A_D_E_A_A_C
758,e2,A_C_D_A_B_D
759,sn2,A_C_E_E_C_B
760,sn2,A_E_A_D_A_C
761,sn2,A_A_B_B_C_B
762,e2,A_D_B_E_B_B
763,e2,E_D_A_D_C_B
764,e2,C_A_E_D_B_C
765,sn2,A_B_A_E_C_C
766,sn2,A_C_B_B_A_C
767,sn2,D_D_E_C_A_C
768,sn2,E_A_A_D_A_C
769,sn2,E_C_D_A_A_D
770,e2,C_E_C_C_B_B
771,e2,B_D_D_A_C_B
772,e2,C_C_D_E_B_B
773,sn2,C_A_C_A_B_D
774,sn2,E_C_C_D_B_B
775,sn2,A_D_E_A_C_C
776,sn2,A_C_E_D_C_B
777,e2,A_C_A_A_B_B
778,e2,C_D_A_A_C_B
779,e2,C_D_D_E_B_C
780,e2,A_E_D_B_C_B
781,sn2,A_A_D_E_A_D
782,e2,A_E_C_E_B_B
783,sn2,C_A_A_B_C_C
784,sn2,A_B_C_E_B_B
785,sn2,A_D_A_B_B_D
786,sn2,A_D_E_C_A_C
787,sn2,A_A_C_E_C_C
788,sn2,A_A_B_D_B_B
789,sn2,D_D_C_E_B_D
790,e2,D_A_D_D_C_C
791,e2,D_A_A_A_C_C
792,sn2,A_C_D_D_A_C
793,e2,D_B_D_D_B_B
794,e2,B_A_E_D_B_C
795,sn2,D_A_B_D_B_B
796,sn2,A_B_C_D_B_B
797,e2,D_C_A_A_C_B
798,sn2,A_D_B_E_B_B
799,e2,D_D_A_E_C_C
800,sn2,A_A_D_C_C_C
801,sn2,E_C_D_D_B_B
802,e2,D_D_B_D_C_C
803,sn2,E_A_E_D_A_C
804,sn2,A_E_C_A_C_B
805,e2,B_A_D_E_C_B
806,sn2,C_E_D_E_B_B
807,sn2,E_A_C_C_C_B
808,sn2,A_C_E_E_B_B
809,e2,C_A_E_D_C_D
810,sn2,B_A_C_E_B_B
811,e2,C_A_C_D_C_B
812,e2,B_D_A_E_C_B
813,sn2,D_C_A_C_C_C
814,sn2,A_A_C_B_B_B
815,sn2,A_D_C_A_B_D
816,sn2,B_A_A_A_B_D
817,sn2,C_A_D_B_A_C
818,e2,D_A_E_D_A_B
819,sn2,A_B_A_B_B_B
820,e2,C_E_D_D_B_B
821,sn2,B_A_A_D_A_C
822,e2,A_E_C_A_B_B
823,sn2,C_D_D_A_A_D
824,sn2,C_E_E_D_B_B
825,e2,B_E_A_D_C_B
826,sn2,B_A_A_E_A_C
827,e2,A_B_A_A_B_D
828,sn2,C_D_A_A_B_D
829,sn2,C_D_E_C_C_B
830,e2,B_C_A_E_B_B
831,sn2,E_E_B_C_B_B
832,sn2,B_A_D_D_B_B
833,e2,C_C_E_E_B_D
834,e2,D_D_B_E_B_C
835,sn2,B_E_C_D_C_B
836,sn2,D_D_E_B_A_C
837,sn2,D_D_A_E_A_C
838,sn2,A_B_C_A_B_D
839,e2,D_A_A_A_C_B
840,sn2,D_D_B_D_C_B
841,sn2,A_A_C_C_B_D
842,sn2,A_A_C_E_A_C
843,e2,B_E_C_A_C_B
844,e2,D_A_D_A_C_C
845,e2,C_E_D_E_B_B
846,sn2,D_C_E_A_A_D
847,sn2,D_C_A_B_B_D
848,sn2,C_D_A_B_B_B
849,sn2,B_A_E_B_B_B
850,e2,D_A_C_D_A_B
851,sn2,C_A_E_A_A_C
852,e2,D_D_B_D_B_C
853,sn2,C_A_E_D_C_B
854,sn2,A_C_D_E_C_B
855,sn2,C_A_C_E_C_C
856,e2,C_C_E_D_B_B
857,sn2,C_A_A_B_A_C
858,sn2,C_A_D_B_C_C
859,sn2,E_C_E_A_B_B
860,sn2,B_A_E_D_B_D
861,sn2,A_C_E_D_C_C
862,e2,A_C_E_A_C_B
863,e2,D_C_D_D_C_B
864,e2,D_A_A_E_B_D
865,sn2,D_C_C_A_C_B
866,sn2,D_A_A_B_C_C
867,sn2,D_B_E_E_A_C
868,sn2,E_C_E_C_B_B
869,sn2,D_E_A_C_A_D
870,sn2,D_A_B_C_C_B
871,sn2,C_D_E_E_C_C
872,e2,A_A_E_B_B_B
873,sn2,E_C_D_C_C_B
874,e2,C_A_A_D_B_C
875,sn2,A_B_C_D_C_B
876,e2,A_A_E_E_B_B
877,e2,D_D_A_C_B_B
878,sn2,A_A_B_B_B_D
879,sn2,A_E_E_B_A_D
880,sn2,C_E_D_B_B_B
881,sn2,E_A_C_C_A_D
882,sn2,D_A_D_A_B_D
883,e2,C_A_D_E_B_C
884,sn2,D_A_D_A_C_B
885,e2,D_A_E_A_B_D
886,e2,C_C_D_A_C_B
887,sn2,C_C_A_E_A_C
888,e2,A_B_A_E_B_D
889,sn2,C_C_A_E_B_D
890,e2,D_C_C_A_C_B
891,sn2,A_C_E_B_B_B
892,sn2,D_D_C_D_A_C
893,sn2,A_B_D_E_C_C
894,sn2,A_A_E_B_A_D
895,sn2,B_A_E_C_C_C
896,e2,D_A_C_E_B_B
897,sn2,D_C_B_C_B_B
898,sn2,A_D_E_D_A_D
899,e2,A_B_A_D_C_B
900,sn2,C_D_E_E_B_D
901,e2,A_E_D_E_B_B
902,sn2,C_E_E_B_B_B
903,sn2,D_C_D_A_A_D
904,e2,C_B_D_E_B_B
905,sn2,A_D_A_D_C_C
906,sn2,A_C_A_D_B_D
907,sn2,D_D_D_E_A_D
908,e2,A_C_D_D_C_D
909,sn2,B_D_C_C_B_B
910,e2,C_A_C_E_B_C
911,sn2,A_E_C_A_A_C
912,sn2,D_D_E_E_C_B
913,sn2,B_E_D_A_A_C
914,sn2,C_E_C_E_C_B
915,sn2,A_B_D_B_B_B
916,e2,C_A_D_D_A_B
917,sn2,A_C_B_B_B_B
918,sn2,E_C_B_C_C_B
919,sn2,C_D_E_E_C_B
920,sn2,A_D_E_A_B_D
921,e2,E_A_D_E_C_B
922,sn2,A_A_E_D_C_C
923,sn2,A_B_D_A_C_C
924,sn2,C_D_D_D_A_C
925,sn2,A_E_B_C_C_B
926,sn2,C_A_B_A_B_B
927,sn2,A_A_C_B_B_D
928,e2,A_D_D_C_B_B
929,sn2,C_E_D_A_B_B
930,sn2,E_A_C_D_B_B
931,e2,A_D_E_A_C_B
932,e2,D_E_D_A_B_B
933,e2,B_E_A_E_B_B
934,sn2,D_B_A_A_A_C
935,sn2,A_B_A_A_C_B
936,e2,C_E_D_C_C_C
937,sn2,D_D_A_A_A_D
938,e2,A_D_D_D_C_C
939,e2,B_E_A_E_B_C
940,sn2,E_A_B_D_B_B
941,e2,D_B_D_E_B_B
942,sn2,C_D_C_D_A_C
943,sn2,C_E_A_C_A_C
944,e2,D_C_C_A_C_C
945,e2,C_C_C_A_C_C
946,e2,B_C_A_A_B_B
947,sn2,A_C_C_B_C_B
948,sn2,D_D_C_A_A_C
949,sn2,A_C_D_E_B_B
950,e2,D_D_D_A_C_C
951,e2,D_B_A_A_B_B
952,sn2,C_A_C_E_A_C
953,sn2,E_B_C_A_A_C
954,e2,B_A_E_A_B_C
955,sn2,C_E_C_A_C_B
956,sn2,A_D_C_C_A_D
957,sn2,D_A_D_D_A_C
958,sn2,D_A_D_D_A_D
959,sn2,E_C_B_D_B_B
960,e2,D_E_A_D_C_B
961,sn2,C_D_E_E_B_B
962,sn2,C_A_C_D_C_B
963,e2,A_A_A_D_B_C
964,e2,D_A_E_C_C_C
965,sn2,C_D_E_D_C_C
966,e2,C_A_A_E_C_C
967,e2,C_D_A_D_C_C
968,sn2,D_A_C_A_B_D
969,e2,E_B_C_A_C_B
970,sn2,A_A_A_E_A_C
971,sn2,A_D_B_E_A_C
972,sn2,E_B_E_A_A_C
973,sn2,C_B_A_C_B_B
974,e2,C_E_B_A_C_B
975,sn2,A_A_B_D_B_D
976,e2,A_C_C_A_C_B
977,e2,A_C_D_D_B_C
978,e2,B_A_D_E_C_C
979,sn2,D_C_E_E_C_B
980,sn2,E_D_A_A_A_C
981,e2,A_E_D_D_B_B
982,e2,D_B_E_D_B_B
983,sn2,E_C_C_A_A_C
984,sn2,E_C_C_C_B_B
985,e2,A_A_D_A_C_C
986,e2,A_E_E_D_C_B
987,sn2,A_E_D_C_A_C
988,e2,B_D_A_A_B_B
989,sn2,A_D_D_A_C_B
990,sn2,D_A_B_A_C_B
991,sn2,B_A_D_E_B_B
992,sn2,A_D_A_C_C_B
993,sn2,D_D_C_D_B_D
994,e2,A_D_A_C_B_B
995,e2,D_B_A_A_C_B
996,e2,A_E_A_D_C_B
997,sn2,A_D_C_E_C_C
998,sn2,C_A_B_D_A_C
999,sn2,A_D_E_E_B_B
1000,sn2,E_A_A_C_A_C
1001,sn2,B_A_C_D_C_C
1002,sn2,D_D_B_D_A_C
1003,sn2,D_C_D_A_B_D
1004,sn2,D_D_D_E_B_B
1005,e2,A_A_D_D_B_B
1006,sn2,A_D_C_C_B_B
1007,e2,D_A_A_B_C_C
1008,sn2,B_A_E_C_A_C
1009,e2,D_D_E_A_C_C
1010,e2,D_D_D_C_C_C
1011,sn2,A_A_A_E_B_B
1012,e2,A_A_E_C_B_B
1013,e2,A_D_A_E_B_C
1014,sn2,B_A_E_A_A_C
1015,e2,B_D_E_A_B_D
1016,e2,E_D_A_D_B_B
1017,sn2,E_E_E_C_B_B
1018,sn2,E_A_A_D_B_B
1019,sn2,E_B_A_E_C_B
1020,sn2,D_D_E_A_A_C
1021,e2,B_A_A_E_B_B
1022,e2,D_C_A_E_C_B
1023,sn2,B_C_A_C_B_B
1024,e2,C_A_E_E_B_D
1025,sn2,A_C_A_B_C_C
1026,e2,A_B_E_E_B_D
1027,sn2,A_D_E_D_B_D
1028,sn2,A_E_A_D_C_B
1029,sn2,E_A_B_D_A_D
1030,e2,C_E_A_C_B_C
1031,sn2,A_D_C_D_A_D
1032,e2,D_C_E_A_C_C
1033,sn2,C_E_A_A_A_C
1034,sn2,C_D_B_D_B_B
1035,sn2,C_A_B_C_C_C
1036,sn2,A_B_B_D_B_B
1037,sn2,C_A_E_D_C_C
1038,e2,E_A_D_B_C_B
1039,e2,C_C_D_E_C_C
1040,e2,C_D_E_A_B_B
1041,e2,D_B_A_D_C_B
1042,sn2,D_A_D_A_A_C
1043,sn2,D_D_A_E_C_B
1044,e2,D_C_D_A_C_B
1045,sn2,D_A_C_B_A_C
1046,sn2,A_C_B_E_B_D
1047,sn2,E_D_B_D_A_C
1048,sn2,C_A_A_E_B_B
1049,e2,B_C_A_D_B_C
1050,e2,D_D_C_D_B_C
1051,e2,C_C_C_E_C_C
1052,e2,A_D_D_A_C_C
1053,sn2,C_A_D_E_C_B
1054,sn2,C_E_A_D_B_B
1055,e2,C_A_D_E_B_D
1056,e2,C_C_C_D_B_C
1057,e2,E_A_D_C_B_B
1058,sn2,C_C_A_E_C_C
1059,sn2,B_E_B_C_A_C
1060,sn2,E_C_D_E_B_B
1061,sn2,E_B_E_D_B_B
1062,e2,C_B_E_D_B_C
1063,sn2,D_A_A_B_B_B
1064,sn2,A_D_C_C_B_D
1065,sn2,A_A_C_A_B_B
1066,sn2,D_D_D_D_A_D
1067,e2,C_E_B_E_C_B
1068,sn2,D_A_C_D_C_C
1069,sn2,E_D_C_A_A_D
1070,sn2,C_B_D_E_A_C
1071,sn2,D_C_D_C_B_B
1072,sn2,E_C_E_C_A_C
1073,e2,E_B_E_E_B_C
1074,sn2,E_A_B_D_A_C
1075,sn2,A_D_D_B_A_C
1076,sn2,C_E_B_D_C_B
1077,sn2,C_E_A_D_C_B
1078,e2,D_C_E_E_B_B
1079,sn2,C_A_E_A_B_B
1080,sn2,A_A_E_D_B_B
1081,e2,D_C_D_E_B_D
1082,e2,B_A_A_A_C_B
1083,e2,D_D_D_E_C_C
1084,e2,A_E_C_D_C_B
1085,sn2,A_E_C_D_C_B
1086,e2,D_D_E_A_B_B
1087,e2,B_A_E_D_C_C
1088,sn2,C_E_A_B_C_B
1089,e2,D_B_E_A_C_B
1090,sn2,C_C_D_E_B_B
1091,sn2,E_D_E_A_A_C
1092,e2,E_D_E_D_C_B
1093,sn2,A_D_C_E_B_D
1094,e2,E_C_A_A_C_B
1095,e2,C_B_A_D_B_B
1096,sn2,E_D_C_C_B_B
1097,sn2,E_B_E_A_C_B
1098,sn2,B_E_C_A_C_B
1099,sn2,D_C_E_A_C_B
1100,sn2,C_C_B_E_A_C
1101,e2,A_E_E_A_B_B
1102,e2,C_A_E_A_B_C
1103,e2,C_A_D_E_B_B
1104,sn2,A_D_B_D_B_D
1105,e2,D_A_A_E_C_D
1106,sn2,A_E_D_B_A_C
1107,sn2,C_E_B_A_B_B
1108,sn2,A_D_C_C_C_B
1109,sn2,D_A_D_E_C_C
1110,e2,A_A_E_D_B_B
1111,sn2,D_B_A_E_A_C
1112,sn2,D_C_A_B_A_C
1113,sn2,D_A_A_D_A_D
1114,sn2,B_E_D_D_A_C
1115,sn2,D_C_E_C_C_C
1116,sn2,C_A_B_B_C_C
1117,sn2,D_E_C_C_B_B
1118,sn2,A_D_D_C_A_D
1119,sn2,A_C_E_E_A_C
1120,e2,B_A_E_B_B_B
1121,sn2,A_C_E_B_B_D
1122,e2,A_B_E_D_B_D
1123,e2,D_B_D_E_C_B
1124,sn2,D_A_A_A_B_D
1125,sn2,E_C_E_E_B_B
1126,e2,E_D_A_A_C_B
1127,sn2,A_D_D_D_C_C
1128,sn2,B_C_A_A_B_B
1129,e2,D_C_D_D_C_C
1130,e2,C_B_A_E_C_C
1131,e2,B_A_A_A_B_B
1132,e2,C_E_A_A_C_B
1133,sn2,C_A_A_E_B_D
1134,e2,D_A_C_C_C_B
1135,sn2,D_D_E_C_C_C
1136,e2,C_B_A_A_C_B
1137,e2,C_D_A_D_C_B
1138,e2,A_D_A_E_C_C
1139,sn2,E_A_C_D_A_D
1140,sn2,D_C_C_E_A_C
1141,sn2,C_D_C_E_A_D
1142,sn2,D_D_A_D_A_C
1143,sn2,A_E_C_D_A_C
1144,e2,E_B_A_C_C_B
1145,sn2,D_A_A_C_B_D
1146,sn2,D_A_E_C_C_C
1147,e2,C_D_D_A_B_C
1148,e2,D_E_C_A_C_B
1149,sn2,D_D_A_A_C_B
1150,sn2,C_E_E_C_C_B
1151,e2,D_E_A_C_C_B
1152,sn2,C_A_E_D_B_B
1153,e2,A_C_D_E_C_D
1154,sn2,C_A_D_D_C_C
1155,sn2,A_C_B_B_B_D
1156,e2,A_C_E_C_B_B
1157,sn2,A_A_E_A_B_B
1158,e2,E_E_A_C_C_B
1159,sn2,E_C_D_A_A_C
1160,sn2,E_B_D_A_A_C
1161,sn2,D_C_C_A_B_B
1162,e2,C_B_A_E_C_B
1163,sn2,C_B_A_C_C_C
1164,sn2,A_D_D_E_C_B
1165,sn2,A_C_D_C_B_D
1166,sn2,C_A_E_C_B_B
1167,sn2,C_C_A_A_B_B
1168,sn2,E_B_E_A_B_B
1169,sn2,C_D_A_A_B_B
1170,sn2,E_B_D_D_C_B
1171,sn2,A_C_B_E_C_B
1172,e2,B_C_A_E_B_D
1173,e2,A_A_E_E_B_D
1174,sn2,A_E_B_B_C_B
1175,e2,A_C_E_A_B_C
1176,e2,B_C_E_D_C_B
1177,sn2,D_D_A_D_A_D
1178,e2,A_C_D_E_B_D
1179,sn2,A_E_A_A_B_B
1180,e2,A_C_D_A_B_C
1181,e2,C_A_A_C_C_C
1182,sn2,B_E_C_E_A_C
1183,sn2,A_A_C_D_B_B
1184,e2,C_C_A_A_C_B
1185,e2,D_D_C_A_B_B
1186,e2,E_C_C_D_C_B
1187,e2,A_D_E_E_C_B
1188,sn2,B_D_C_A_B_B
1189,e2,B_E_D_D_B_B
1190,sn2,D_A_C_A_B_B
1191,e2,C_C_A_D_C_C
1192,e2,D_D_A_A_C_B
1193,sn2,D_A_C_C_C_C
1194,sn2,D_C_B_E_A_C
1195,e2,E_B_E_D_B_B
1196,sn2,D_C_D_A_B_B
1197,e2,C_D_C_E_B_B
1198,e2,C_B_A_D_A_B
1199,e2,A_B_A_A_B_B
1200,sn2,D_B_A_A_B_B
1201,sn2,A_D_A_C_B_B
1202,e2,E_B_E_A_C_B
1203,sn2,C_A_A_E_C_C
1204,e2,B_D_A_E_C_D
1205,sn2,C_A_D_A_C_C
1206,sn2,A_D_E_B_C_B
1207,e2,E_D_D_E_B_B
1208,sn2,A_B_E_A_A_D
1209,sn2,A_D_C_B_C_C
1210,sn2,B_E_C_A_A_C
1211,sn2,E_C_C_B_B_B
1212,e2,C_A_A_E_C_B
1213,sn2,D_D_D_E_C_B
1214,sn2,A_C_E_D_A_C
1215,e2,B_A_D_A_C_C
1216,sn2,A_E_E_B_B_B
1217,e2,C_E_A_D_B_B
1218,sn2,E_C_A_B_B_B
1219,sn2,B_A_E_C_C_B
1220,e2,D_D_A_E_B_B
1221,e2,A_A_A_A_C_B
1222,e2,A_B_A_E_B_C
1223,sn2,C_A_A_E_C_B
1224,sn2,B_A_E_A_C_C
1225,sn2,A_A_D_D_B_D
1226,sn2,C_A_B_B_B_B
1227,sn2,D_B_A_B_C_B
1228,sn2,E_B_C_A_C_B
1229,sn2,E_C_B_A_A_C
1230,e2,B_D_E_D_C_C
1231,sn2,A_A_A_C_B_D
1232,sn2,A_D_D_D_A_D
1233,sn2,A_B_E_E_A_D
1234,sn2,D_D_E_E_A_D
1235,sn2,A_D_E_E_C_B
1236,sn2,B_C_A_A_B_D
1237,sn2,A_D_D_D_B_B
1238,sn2,A_C_A_D_A_C
1239,e2,C_D_D_D_B_C
1240,sn2,B_A_A_E_C_B
1241,sn2,B_A_A_D_B_B
1242,sn2,A_C_C_E_B_D
1243,sn2,A_B_C_C_C_B
1244,sn2,E_A_B_D_C_B
1245,e2,C_D_A_A_A_B
1246,sn2,D_A_B_E_B_B
1247,sn2,E_B_A_D_A_C
1248,sn2,C_A_B_E_C_C
1249,e2,E_A_B_D_B_B
1250,sn2,D_A_D_C_C_B
1251,e2,B_E_E_A_B_B
1252,e2,C_E_E_A_C_B
1253,sn2,B_A_D_C_C_C
1254,e2,A_A_D_E_B_B
1255,e2,C_A_A_D_C_B
1256,sn2,D_A_A_D_B_D
1257,sn2,D_E_D_A_C_B
1258,sn2,A_C_E_E_B_D
1259,e2,C_D_A_A_C_D
1260,sn2,A_C_A_E_C_C
1261,e2,C_B_A_E_B_D
1262,sn2,E_A_A_E_A_C
1263,e2,C_C_D_A_B_B
1264,sn2,A_D_D_A_C_C
1265,sn2,A_B_A_D_C_C
1266,sn2,E_A_D_A_A_D
1267,sn2,A_B_E_D_C_C
1268,sn2,D_C_B_A_C_C
1269,sn2,C_E_D_E_C_B
1270,sn2,A_B_D_A_B_D
1271,sn2,A_C_E_B_C_B
1272,sn2,D_B_D_E_B_B
1273,sn2,B_D_D_A_B_B
1274,sn2,A_B_A_C_B_D
1275,sn2,A_E_C_B_A_C
1276,e2,A_B_D_D_C_C
1277,e2,D_D_C_E_C_B
1278,e2,D_E_A_D_B_B
1279,sn2,D_B_A_A_C_C
1280,sn2,C_A_A_C_C_C
1281,sn2,E_A_C_D_A_C
1282,e2,A_B_C_E_B_B
1283,e2,D_B_A_A_B_C
1284,e2,D_C_D_D_B_B
1285,e2,A_C_A_E_C_D
1286,sn2,C_A_B_C_B_B
1287,e2,C_C_A_D_A_B
1288,sn2,A_B_A_E_B_D
1289,sn2,A_A_E_E_A_D
1290,sn2,B_E_D_D_C_B
1291,sn2,A_D_A_D_A_D
1292,e2,E_A_D_D_C_B
1293,sn2,A_A_B_E_C_B
1294,e2,C_D_E_D_C_C
1295,e2,C_B_D_A_C_B
1296,sn2,C_D_C_E_A_C
1297,sn2,B_A_D_D_B_D
1298,sn2,C_A_B_E_B_D
1299,sn2,A_E_D_D_A_C
1300,sn2,A_C_C_E_C_C
1301,sn2,C_A_A_C_B_B
1302,e2,D_E_D_E_B_B
1303,sn2,D_D_B_D_A_D
1304,sn2,E_B_A_E_B_B
1305,e2,C_C_E_D_C_C
1306,sn2,D_C_A_C_B_D
1307,sn2,B_A_B_D_C_C
1308,e2,B_D_E_A_B_B
1309,e2,E_C_E_E_B_B
1310,sn2,D_D_C_E_C_C
1311,sn2,A_C_E_E_C_C
1312,sn2,C_A_D_E_B_B
1313,sn2,A_E_D_C_A_D
1314,e2,B_E_E_D_B_B
1315,sn2,B_A_E_A_B_D
1316,e2,C_D_A_A_B_B
1317,e2,A_A_A_E_B_D
1318,sn2,B_E_D_A_B_B
1319,sn2,D_A_D_D_C_C
1320,e2,D_A_D_A_B_D
1321,e2,A_D_E_D_B_D
1322,e2,D_B_E_A_B_D
1323,sn2,D_A_B_C_B_B
1324,sn2,C_C_D_D_B_B
1325,e2,B_A_A_A_C_D
1326,e2,C_D_D_A_B_B
1327,e2,A_C_A_E_C_C
1328,e2,A_C_A_D_B_B
1329,sn2,E_A_D_D_C_B
1330,sn2,C_A_D_A_B_D
1331,sn2,B_C_D_A_B_B
1332,e2,A_D_B_D_B_C
1333,sn2,B_A_C_E_A_C
1334,sn2,C_A_B_D_B_B
1335,sn2,A_C_C_A_C_B
1336,sn2,A_A_C_B_C_B
1337,sn2,D_A_D_B_C_C
1338,sn2,D_C_B_A_B_B
1339,e2,A_A_A_C_B_C
1340,sn2,D_B_D_C_A_C
1341,sn2,B_C_A_A_C_C
1342,sn2,D_E_C_A_A_D
1343,e2,C_D_A_A_B_C
1344,e2,C_C_A_A_B_B
1345,sn2,B_C_A_E_C_C
1346,sn2,A_C_B_A_B_B
1347,sn2,A_E_D_B_A_D
1348,sn2,D_D_A_C_A_C
1349,sn2,A_A_B_D_A_C
1350,e2,D_A_D_E_C_B
1351,sn2,B_E_E_B_B_B
1352,sn2,E_B_C_D_B_B
1353,sn2,B_E_E_E_C_B
1354,sn2,C_C_C_A_B_B
1355,sn2,B_E_A_B_A_C
1356,sn2,C_D_A_E_A_C
1357,sn2,B_A_B_A_A_C
1358,sn2,D_C_A_D_C_C
1359,e2,E_C_E_C_B_B
1360,sn2,C_A_E_E_A_C
1361,e2,B_A_E_A_B_D
1362,sn2,A_A_D_C_A_D
1363,e2,D_C_C_D_A_B
1364,e2,A_E_B_D_B_B
1365,sn2,E_C_A_E_B_B
1366,sn2,E_A_C_A_B_B
1367,e2,B_A_A_D_B_B
1368,e2,B_A_E_A_B_B
1369,sn2,D_A_D_C_C_C
1370,e2,C_A_D_D_B_D
1371,e2,E_C_D_E_C_B
1372,sn2,B_C_E_A_B_D
1373,sn2,C_A_E_C_C_C
1374,sn2,B_E_C_C_C_C
1375,sn2,E_B_B_D_B_B
1376,e2,A_D_D_A_B_C
1377,e2,A_C_A_D_C_C
1378,sn2,D_C_A_B_C_C
1379,e2,A_D_D_D_C_B
1380,sn2,E_C_C_A_B_D
1381,sn2,B_E_D_A_A_D
1382,e2,A_A_A_E_C_C
1383,sn2,D_D_A_E_B_B
1384,e2,B_A_D_A_B_B
1385,sn2,D_A_C_B_C_B
1386,sn2,A_D_D_B_C_C
1387,sn2,D_A_E_B_A_C
1388,sn2,E_D_C_A_C_B
1389,sn2,C_D_C_E_B_B
1390,sn2,D_A_C_A_C_C
1391,sn2,A_C_D_C_C_C
1392,e2,E_D_E_E_B_B
1393,e2,A_D_E_B_C_C
1394,sn2,A_A_B_E_A_D
1395,sn2,C_C_C_E_A_C
1396,e2,A_A_A_D_C_B
1397,e2,C_E_A_E_C_B
1398,sn2,A_B_D_E_B_B
1399,sn2,C_D_E_A_C_C
1400,e2,A_A_D_E_C_B
1401,e2,A_E_E_E_C_B
1402,sn2,D_D_C_D_C_B
1403,sn2,C_D_A_A_A_C
1404,sn2,A_A_E_C_B_D
1405,sn2,E_A_B_B_C_B
1406,sn2,A_D_A_B_A_C
1407,sn2,E_B_E_A_A_D
1408,e2,A_B_D_E_B_B
1409,sn2,C_A_C_C_C_C
1410,sn2,A_C_D_A_B_D
1411,e2,D_C_E_E_B_D
1412,sn2,E_C_E_B_B_B
1413,e2,A_D_A_D_B_B
1414,sn2,A_C_A_A_A_C
1415,sn2,A_E_E_B_C_B
1416,sn2,C_E_D_C_B_B
1417,sn2,C_E_A_A_B_B
1418,e2,B_E_E_D_C_B
1419,e2,A_D_E_A_B_D
1420,sn2,C_A_D_C_C_B
1421,sn2,A_A_D_A_A_C
1422,e2,D_A_A_A_B_C
1423,e2,C_A_E_E_C_B
1424,sn2,C_A_D_C_B_D
1425,sn2,A_D_E_A_C_B
1426,e2,C_A_E_E_C_C
1427,sn2,E_C_A_C_C_B
1428,sn2,E_C_A_B_C_B
1429,sn2,A_D_E_C_B_D
1430,sn2,C_D_E_A_B_B
1431,sn2,B_D_D_E_B_B
1432,e2,A_C_A_D_C_B
1433,e2,B_C_E_E_C_B
1434,sn2,B_A_C_A_B_B
1435,e2,A_D_A_C_C_B
1436,sn2,A_C_E_C_C_C
1437,e2,C_B_A_D_C_B
1438,e2,B_C_E_A_C_B
1439,sn2,A_D_A_D_A_C
1440,e2,C_E_D_C_C_B
1441,e2,A_D_E_E_B_D
1442,e2,C_E_C_A_B_B
1443,sn2,A_A_C_D_A_C
1444,e2,C_A_E_D_B_D
1445,e2,E_C_D_D_B_B
1446,sn2,A_A_D_D_A_C
1447,sn2,A_A_E_C_A_C
1448,e2,A_A_B_A_B_C
1449,e2,C_E_A_C_C_C
1450,e2,A_A_A_E_C_B
1451,sn2,B_A_D_A_C_C
1452,e2,D_D_E_C_C_B
1453,sn2,A_B_A_C_C_C
1454,e2,D_D_A_C_B_C
1455,sn2,A_A_C_C_C_B
1456,e2,D_B_A_E_B_B
1457,e2,D_A_E_D_B_B
1458,sn2,B_D_C_E_B_B
1459,sn2,D_A_B_A_B_B
1460,sn2,B_E_E_C_C_B
1461,e2,A_C_E_D_C_B
1462,sn2,C_C_A_E_B_B
1463,e2,E_C_A_A_B_B
1464,e2,D_A_E_A_C_C
1465,sn2,B_A_A_E_C_C
1466,sn2,C_A_E_E_C_C
1467,e2,D_D_D_E_B_B
1468,sn2,B_E_A_C_B_B
1469,e2,E_A_B_D_C_B
1470,e2,E_A_D_A_C_B
1471,sn2,D_A_E_C_B_D
1472,sn2,A_D_B_D_A_C
1473,sn2,D_A_B_E_A_D
1474,e2,A_A_A_A_B_B
1475,sn2,A_C_A_E_B_B
1476,e2,D_D_A_A_C_C
1477,e2,A_A_E_A_B_B
1478,sn2,E_A_B_A_B_B
1479,sn2,E_B_B_C_A_C
1480,sn2,C_E_D_A_A_C
1481,sn2,A_A_D_B_C_B
1482,e2,E_C_A_C_B_B
1483,sn2,E_C_D_C_B_B
1484,e2,C_C_C_A_A_B
1485,sn2,D_A_E_E_C_C
1486,sn2,A_D_E_B_A_D
1487,e2,A_D_A_E_B_B
1488,sn2,C_E_E_D_A_C
1489,e2,A_B_A_E_C_B
1490,e2,A_A_E_D_B_C
1491,sn2,C_C_A_D_B_D
1492,sn2,C_E_C_B_B_B
1493,sn2,A_A_D_C_B_B
1494,e2,D_B_A_D_B_B
1495,sn2,D_A_C_C_A_C
1496,sn2,B_E_D_C_C_B
1497,e2,E_A_C_E_C_B
1498,sn2,D_C_A_E_A_C
1499,sn2,B_A_C_D_B_D
1500,sn2,E_C_A_A_A_C
1501,sn2,D_D_E_A_C_B
1502,e2,B_E_E_D_B_C
1503,e2,C_E_E_D_B_B
1504,sn2,C_E_C_C_B_B
1505,sn2,C_A_C_A_C_B
1506,sn2,C_D_A_C_B_B
1507,sn2,A_A_B_A_C_C
1508,e2,D_A_C_D_B_B
1509,sn2,C_E_A_D_B_D
1510,sn2,E_A_C_E_B_B
1511,sn2,A_A_C_C_C_C
1512,e2,A_C_A_A_B_C
1513,e2,D_A_C_D_C_B
1514,sn2,C_E_C_C_A_C
1515,sn2,D_A_A_E_C_C
1516,sn2,B_A_A_C_C_C
1517,sn2,A_B_C_E_A_C
1518,sn2,D_A_A_D_B_B
1519,sn2,D_A_E_E_A_D
1520,sn2,D_D_D_D_C_B
1521,sn2,C_B_A_E_A_C
1522,sn2,D_A_A_A_B_B
1523,sn2,D_A_A_D_A_C
1524,e2,E_B_D_D_B_B
1525,e2,D_D_A_C_C_B
1526,e2,A_C_D_A_B_B
1527,sn2,A_D_D_B_B_D
1528,e2,A_B_E_E_C_C
1529,sn2,C_E_A_E_C_B
1530,sn2,B_A_E_A_C_B
1531,sn2,A_D_D_A_B_B
1532,e2,D_D_E_E_B_C
1533,sn2,A_C_A_C_C_C
1534,sn2,D_D_D_C_B_B
1535,sn2,C_A_E_A_C_C
1536,sn2,C_C_A_D_A_C
1537,sn2,B_E_D_B_B_B
1538,sn2,B_A_E_D_A_C
1539,e2,E_A_E_E_B_B
1540,e2,A_C_E_A_B_D
1541,sn2,A_C_A_B_B_B
1542,sn2,D_A_C_D_C_B
1543,sn2,B_E_D_E_B_B
1544,sn2,B_B_A_A_B_B
1545,sn2,E_C_E_A_C_B
1546,sn2,D_C_A_C_C_B
1547,sn2,D_D_A_E_A_D
1548,sn2,B_E_E_C_A_C
1549,sn2,E_D_D_C_A_C
1550,sn2,B_D_A_A_B_D
1551,e2,C_E_C_D_B_B
1552,sn2,B_E_A_B_C_B
1553,sn2,D_A_D_C_B_D
1554,sn2,D_B_C_D_A_C
1555,e2,A_D_E_D_C_C
1556,sn2,A_D_D_E_A_C
1557,sn2,D_A_D_A_C_C
1558,e2,B_D_A_E_B_C
1559,sn2,D_A_B_D_A_D
1560,sn2,D_C_D_E_A_C
1561,e2,B_E_E_C_B_B
1562,sn2,E_C_B_C_B_B
1563,sn2,D_A_C_E_C_B
1564,e2,A_E_D_A_B_B
1565,sn2,C_A_D_E_C_C
1566,sn2,E_B_C_D_A_C
1567,sn2,D_E_E_C_B_B
1568,e2,D_A_C_A_B_B
1569,e2,C_D_E_A_C_B
1570,e2,B_A_D_D_C_B
1571,sn2,A_D_B_A_C_C
1572,sn2,D_A_D_E_C_B
1573,sn2,A_D_A_B_B_B
1574,sn2,B_D_A_E_A_D
1575,sn2,D_E_C_C_C_B
1576,e2,D_A_C_D_C_C
1577,sn2,D_A_E_D_C_B
1578,sn2,D_D_A_C_C_B
1579,e2,A_C_A_A_C_B
1580,sn2,A_E_A_B_A_D
1581,sn2,B_A_C_A_C_C
1582,e2,E_B_A_C_B_B
1583,sn2,A_C_D_D_A_D
1584,e2,B_A_B_E_C_C
1585,e2,A_E_A_E_C_B
1586,sn2,A_A_B_A_C_B
1587,e2,E_C_E_A_C_B
1588,e2,A_A_D_A_B_D
1589,sn2,A_D_C_E_A_C
1590,sn2,B_C_D_A_B_D
1591,e2,C_A_D_C_C_C
1592,sn2,D_C_B_E_B_B
1593,sn2,C_E_B_A_C_B
1594,e2,D_A_E_A_B_C
1595,e2,D_A_D_E_B_B
1596,sn2,A_E_D_D_B_B
1597,sn2,E_A_C_D_C_B
1598,sn2,E_C_E_D_A_D
1599,sn2,D_A_A_C_C_C
1600,sn2,D_A_D_E_B_B
1601,sn2,A_B_E_B_B_B
1602,e2,B_A_A_E_B_C
1603,sn2,E_C_B_A_A_D
1604,sn2,D_B_D_A_A_C
1605,sn2,B_C_D_E_B_B
1606,sn2,A_A_E_E_B_D
1607,e2,C_B_D_D_C_B
1608,sn2,A_D_C_D_C_B
1609,sn2,A_E_E_C_A_C
1610,sn2,B_A_D_C_B_B
1611,sn2,C_A_D_C_A_C
1612,e2,A_A_E_E_C_B
1613,e2,D_A_A_D_B_C
1614,e2,A_E_B_A_C_B
1615,e2,D_B_D_A_B_B
1616,sn2,C_C_A_C_B_B
1617,e2,C_E_E_E_B_B
1618,sn2,E_D_A_C_A_C
1619,e2,A_A_E_A_B_D
1620,sn2,D_D_A_B_A_D
1621,sn2,C_A_A_C_C_B
1622,sn2,A_C_A_E_C_B
1623,e2,D_C_E_B_B_C
1624,sn2,A_D_E_D_B_B
1625,e2,A_D_D_E_C_C
1626,e2,B_C_E_A_B_C
1627,sn2,D_B_C_A_B_B
1628,sn2,D_C_E_E_B_B
1629,e2,D_B_A_A_B_D
1630,e2,A_B_A_A_C_C
1631,sn2,D_A_C_E_B_D
1632,e2,C_E_A_C_C_B
1633,e2,E_D_D_C_C_B
1634,sn2,C_A_E_C_C_B
1635,e2,A_A_C_E_C_D
1636,sn2,E_C_A_C_B_B
1637,sn2,E_A_D_C_C_B
1638,e2,B_B_E_A_C_C
1639,e2,C_C_C_A_B_C
1640,e2,C_C_A_D_B_B
1641,sn2,C_A_A_E_A_C
1642,sn2,C_A_C_E_B_B
1643,sn2,A_A_A_B_A_C
1644,sn2,D_D_E_C_B_D
1645,sn2,C_E_E_E_A_C
1646,sn2,C_A_C_C_B_D
1647,sn2,E_A_C_A_A_C
1648,sn2,E_C_C_A_B_B
1649,e2,E_D_E_A_C_B
1650,e2,A_E_A_C_B_B
1651,e2,A_B_A_E_B_B
1652,e2,D_A_E_E_B_C
1653,e2,A_A_E_A_C_C
1654,sn2,D_A_B_A_A_C
1655,e2,D_C_A_E_B_D
1656,e2,E_A_C_A_B_B
1657,e2,C_D_E_A_B_C
1658,sn2,C_A_B_E_A_C
1659,e2,A_C_A_A_C_D
1660,e2,D_C_D_A_B_B
1661,sn2,C_A_E_E_B_D
1662,sn2,D_A_A_A_C_C
1663,e2,C_C_A_C_B_B
1664,sn2,C_A_D_B_C_B
1665,sn2,D_C_E_A_B_D
1666,sn2,C_A_C_C_B_B
1667,e2,A_D_A_A_B_C
1668,sn2,A_D_A_C_B_D
1669,e2,C_D_D_E_C_C
1670,e2,C_C_E_E_B_B
1671,e2,D_D_E_A_B_C
1672,e2,D_D_A_E_B_C
1673,e2,A_A_E_A_C_B
1674,sn2,A_B_D_E_C_B
1675,sn2,D_A_C_A_A_D
1676,sn2,C_D_D_A_B_B
1677,sn2,A_E_E_B_A_C
1678,e2,A_A_E_E_A_D
1679,e2,A_D_E_A_B_C
1680,e2,A_D_E_D_B_B
1681,e2,A_C_E_E_C_D
1682,e2,A_B_E_A_B_B
1683,sn2,D_D_D_A_C_B
1684,e2,B_D_D_D_B_B
1685,sn2,D_D_A_D_C_B
1686,sn2,A_A_A_B_C_C
1687,e2,C_A_A_E_B_B
1688,e2,A_C_D_D_B_B
1689,e2,C_C_E_D_C_B
1690,sn2,B_D_D_C_B_B
1691,e2,D_C_A_E_B_C
1692,e2,D_C_E_E_C_C
1693,sn2,C_E_B_C_B_B
1694,e2,C_A_D_A_B_B
1695,sn2,D_C_E_E_B_D
1696,sn2,E_C_A_C_A_C
1697,sn2,D_A_C_C_A_D
1698,e2,D_A_C_E_C_B
1699,e2,B_B_E_D_C_B
1700,e2,A_D_C_D_C_B
1701,sn2,C_C_E_A_B_B
1702,sn2,D_A_C_B_B_B
1703,sn2,E_B_C_D_C_B
1704,sn2,A_C_D_D_C_C
1705,sn2,A_A_E_B_B_B
1706,e2,C_E_A_E_B_C
1707,sn2,E_A_D_D_A_D
1708,sn2,A_E_A_C_C_B
1709,e2,D_C_A_A_B_B
1710,e2,C_D_D_D_B_B
1711,sn2,A_A_D_B_C_C
1712,sn2,C_B_D_A_C_C
1713,e2,D_C_A_E_B_B
1714,e2,A_B_A_E_C_C
1715,sn2,C_E_D_E_A_C
1716,sn2,D_C_E_D_A_C
1717,sn2,E_E_C_C_C_B
1718,sn2,C_D_A_B_C_C
1719,e2,E_A_E_D_B_B
1720,e2,B_A_D_C_C_C
1721,sn2,A_B_D_E_B_D
1722,e2,D_C_A_A_C_C
1723,sn2,C_B_A_A_B_D
1724,sn2,C_E_D_D_B_B
1725,sn2,A_E_D_C_B_B
1726,e2,A_A_D_D_C_B
1727,sn2,A_A_C_E_B_B
1728,e2,E_A_A_B_C_B
1729,sn2,B_A_D_E_A_D
1730,e2,B_C_E_A_C_C
1731,e2,B_E_E_A_C_B
1732,sn2,C_A_D_A_A_C
1733,sn2,C_D_A_B_A_C
1734,e2,D_E_E_D_B_B
1735,e2,B_E_A_E_C_B
1736,sn2,A_E_E_C_A_D
1737,sn2,B_A_C_E_B_D
1738,sn2,D_B_A_C_B_D
1739,e2,D_E_B_A_C_B
1740,sn2,C_E_A_E_B_B
1741,sn2,A_C_D_D_C_B
1742,e2,A_C_A_E_B_D
1743,e2,B_C_A_A_C_B
1744,e2,E_C_C_A_C_C
1745,sn2,B_E_C_A_B_B
1746,sn2,B_D_A_C_A_C
1747,e2,C_B_D_E_C_B
1748,e2,A_D_D_E_B_C
1749,e2,C_E_D_D_C_B
1750,e2,B_D_A_D_C_B
1751,sn2,D_A_A_C_A_C
1752,e2,B_A_E_E_B_C
1753,sn2,C_B_E_B_A_C
1754,e2,A_D_E_A_B_B
1755,sn2,A_E_A_D_B_B
1756,sn2,A_A_C_E_C_B
1757,sn2,D_A_A_C_A_D
1758,sn2,A_E_A_B_C_B
1759,e2,B_D_E_D_B_C
1760,e2,B_D_A_A_C_C
1761,sn2,A_D_E_A_A_D
1762,e2,D_B_A_D_C_C
1763,sn2,A_D_D_C_B_B
1764,e2,A_E_A_D_B_B
1765,sn2,E_C_D_A_B_B
1766,e2,D_B_A_D_B_C
1767,sn2,E_A_A_A_B_B
1768,e2,B_A_E_D_B_B
1769,sn2,C_D_A_D_B_B
1770,sn2,A_C_D_B_C_B
1771,e2,A_A_E_B_C_D
1772,e2,D_C_A_A_B_D
1773,e2,A_B_D_A_B_B
1774,sn2,B_A_A_E_B_B
1775,sn2,C_D_B_A_C_B
1776,e2,C_E_E_E_C_B
1777,e2,C_B_E_A_C_C
1778,e2,B_C_E_D_B_C
1779,sn2,C_D_D_A_C_B
1780,sn2,C_A_D_B_B_B
1781,sn2,A_A_E_C_C_B
1782,sn2,A_D_A_D_B_D
1783,sn2,D_A_B_E_C_B
1784,sn2,A_D_C_E_A_D
1785,sn2,D_D_E_E_B_B
1786,sn2,E_A_E_B_A_C
1787,e2,E_A_A_A_A_B
1788,e2,C_A_D_A_A_C
1789,sn2,A_A_D_E_C_B
1790,sn2,D_D_E_A_A_D
1791,sn2,A_D_C_E_C_B
1792,e2,A_B_E_D_C_C
1793,e2,D_B_E_E_B_D
1794,e2,E_B_D_E_B_B
1795,e2,C_E_C_A_C_B
1796,sn2,E_A_A_C_A_D
1797,sn2,D_A_B_D_C_B
1798,e2,A_C_C_E_B_C
1799,sn2,D_D_E_E_A_C
1800,sn2,D_A_C_E_B_B
1801,e2,A_D_E_C_C_B
1802,sn2,A_D_D_E_C_C
1803,sn2,B_E_A_D_B_B
1804,sn2,E_D_C_D_B_B
1805,sn2,A_D_A_E_C_B
1806,e2,B_A_C_E_C_C
1807,sn2,C_C_A_A_B_D
1808,sn2,A_A_A_D_B_B
1809,sn2,A_A_E_D_B_D
1810,e2,E_A_D_C_C_B
1811,e2,C_A_A_E_B_C
1812,e2,D_C_D_E_C_B
1813,sn2,E_D_B_D_C_B
1814,sn2,A_C_C_A_B_D
1815,sn2,A_B_A_C_B_B
1816,e2,C_A_E_C_C_C
1817,sn2,B_D_C_C_C_B
1818,sn2,D_C_A_E_A_D
1819,sn2,D_C_D_E_B_B
1820,sn2,B_E_B_A_B_B
1821,e2,D_A_C_A_C_B
1822,sn2,E_D_B_D_B_B
1823,e2,A_B_E_A_B_C
1824,sn2,B_A_A_A_A_D
1825,sn2,C_C_D_B_B_B
1826,e2,A_C_E_D_C_D
1827,sn2,B_A_A_E_B_D
1828,sn2,E_C_A_A_C_B
1829,sn2,C_A_A_B_C_B
1830,sn2,B_E_D_C_B_B
1831,sn2,A_D_D_C_C_B
1832,sn2,D_E_A_B_A_C
1833,e2,A_D_E_D_B_C
1834,sn2,A_C_D_D_B_B
1835,e2,C_D_A_D_B_B
1836,sn2,A_C_E_D_B_B
1837,sn2,B_E_B_A_C_B
1838,sn2,A_D_B_C_B_B
1839,e2,C_C_D_E_B_D
1840,sn2,A_C_D_C_A_C
1841,e2,A_A_E_A_B_C
1842,sn2,C_A_C_B_B_B
1843,sn2,D_E_A_C_C_B
1844,e2,B_E_B_A_B_B
1845,e2,A_A_E_C_C_B
1846,sn2,A_A_B_B_C_C
1847,e2,E_C_E_A_B_B
1848,e2,A_A_C_E_C_C
1849,e2,B_D_D_E_B_B
1850,sn2,E_C_B_A_B_B
1851,sn2,C_A_C_D_B_D
1852,e2,A_C_B_E_C_C
1853,sn2,D_D_D_E_A_C
1854,e2,C_A_C_E_C_C
1855,sn2,D_A_C_D_A_C
1856,sn2,A_D_D_D_C_B
1857,sn2,C_A_A_D_A_C
1858,sn2,C_D_E_A_B_D
1859,sn2,B_C_D_D_B_B
1860,e2,C_C_E_A_B_B
1861,e2,D_A_A_E_B_C
1862,e2,C_C_E_A_C_C
1863,sn2,C_D_A_A_C_B
1864,e2,E_B_A_E_B_B
1865,e2,C_E_D_C_B_B
1866,sn2,D_C_D_E_C_C
1867,sn2,B_A_B_A_B_D
1868,sn2,D_D_D_A_B_D
1869,sn2,A_B_E_C_B_D
1870,sn2,A_C_C_E_C_B
1871,sn2,E_A_B_A_A_C
1872,sn2,E_C_D_A_C_B
1873,e2,E_B_D_D_C_B
1874,sn2,A_A_B_C_C_C
1875,sn2,A_B_E_A_B_D
1876,e2,A_E_B_C_B_B
1877,e2,C_E_E_A_B_B
1878,sn2,D_A_E_A_A_C
1879,sn2,C_A_C_B_B_D
1880,e2,A_A_A_A_C_D
1881,e2,A_A_E_E_B_C
1882,sn2,A_D_A_E_C_C
1883,sn2,C_E_D_B_C_B
1884,e2,D_A_E_D_B_C
1885,sn2,B_A_E_E_C_C
1886,sn2,C_A_D_D_C_B
1887,e2,A_C_E_D_B_D
1888,e2,A_A_E_D_C_B
1889,e2,E_C_E_E_B_C
1890,sn2,B_E_A_C_C_C
1891,e2,E_A_A_A_B_B
1892,sn2,D_D_A_E_C_C
1893,sn2,E_A_B_B_A_D
1894,sn2,E_A_E_C_B_B
1895,e2,A_A_D_A_C_D
1896,e2,E_C_A_C_C_B
1897,sn2,A_C_A_D_B_B
1898,sn2,E_C_C_D_C_B
1899,sn2,A_A_E_B_C_C
1900,sn2,E_B_C_C_B_B
1901,e2,E_C_C_C_C_C
1902,sn2,B_D_A_A_A_D
1903,sn2,E_A_C_A_A_D
1904,e2,C_D_A_D_B_C
1905,sn2,A_D_A_A_B_D
1906,sn2,C_E_E_C_A_C
1907,sn2,B_A_E_D_B_B
1908,e2,C_C_A_A_A_B
1909,e2,A_B_A_A_C_B
1910,sn2,A_B_D_D_B_D
1911,sn2,E_B_C_C_B_D
1912,sn2,A_B_D_E_A_C
1913,sn2,A_E_C_B_C_B
1914,e2,C_A_E_E_C_D
1915,sn2,A_C_A_C_C_B
1916,sn2,D_C_E_B_B_B
1917,sn2,A_B_C_A_A_C
1918,e2,D_E_A_A_C_B
1919,sn2,D_D_C_C_C_C
1920,e2,C_B_A_A_C_C
1921,e2,C_E_D_A_B_C
1922,e2,E_A_A_E_B_B
1923,sn2,D_B_D_D_B_D
1924,sn2,E_A_E_C_C_B
1925,e2,E_E_B_A_B_B
1926,sn2,A_B_C_A_B_B
1927,sn2,C_A_D_D_B_D
1928,e2,D_E_D_A_C_B
1929,e2,D_E_B_C_C_B
1930,sn2,D_D_D_D_B_B
1931,e2,A_D_D_E_C_B
1932,sn2,E_A_D_C_B_B
1933,sn2,A_B_C_A_C_B
1934,sn2,B_A_B_E_B_B
1935,sn2,C_A_B_E_C_B
1936,sn2,A_E_C_E_C_B
1937,sn2,A_D_D_C_B_D
1938,sn2,D_C_A_D_B_B
1939,e2,A_C_E_E_B_D
1940,e2,A_A_D_E_C_C
1941,e2,E_C_B_D_B_B
1942,e2,B_A_E_E_C_B
1943,e2,A_D_D_A_B_D
1944,e2,A_C_A_A_C_C
1945,sn2,D_A_B_A_C_C
1946,sn2,C_A_A_D_B_B
1947,sn2,D_A_D_E_A_D
1948,e2,B_B_D_E_C_B
1949,e2,B_A_E_E_C_C
1950,e2,D_B_A_E_C_C
1951,sn2,B_E_B_E_A_C
1952,sn2,C_E_C_C_C_B
1953,sn2,A_A_A_C_B_B
1954,sn2,C_E_A_C_C_C
1955,sn2,A_D_E_B_A_C
1956,e2,E_B_A_C_A_B
1957,e2,C_D_E_C_B_B
1958,sn2,C_E_E_A_A_C
1959,e2,C_C_A_C_A_B
1960,sn2,B_A_B_A_C_B
1961,sn2,D_C_A_A_A_D
1962,e2,D_D_A_C_C_C
1963,sn2,C_E_E_E_B_B
1964,sn2,A_D_E_B_C_C
1965,sn2,B_A_E_D_C_C
1966,e2,C_A_E_E_B_B
1967,e2,A_E_C_D_A_B
1968,e2,C_E_E_D_C_B
1969,sn2,A_C_C_A_C_C
1970,sn2,A_A_C_A_A_D
1971,e2,C_A_D_A_B_D
1972,sn2,D_D_D_C_C_B
1973,e2,A_A_B_E_C_D
1974,sn2,A_B_A_B_C_C
1975,sn2,A_C_C_D_C_C
1976,sn2,D_D_E_D_B_B
1977,e2,C_B_C_A_B_C
1978,e2,D_C_A_E_C_D
1979,e2,B_D_D_E_C_C
1980,sn2,D_A_C_E_C_C
1981,sn2,A_B_E_E_B_D
1982,e2,C_E_D_E_C_B
1983,e2,C_C_D_A_A_B
1984,e2,E_C_D_D_C_B
1985,sn2,D_A_E_D_A_C
1986,e2,D_D_A_D_B_C
1987,sn2,A_E_C_A_B_B
1988,e2,E_B_A_D_B_B
1989,sn2,A_D_C_A_C_C
1990,sn2,D_A_D_C_A_C
1991,sn2,D_D_D_A_A_C
1992,e2,D_C_E_D_B_D
1993,sn2,A_E_D_B_C_B
1994,sn2,B_D_A_C_B_B
1995,sn2,A_C_D_E_A_C
1996,e2,C_B_E_D_C_B
1997,e2,B_D_A_A_C_D
1998,sn2,C_C_B_A_B_B
1999,e2,A_D_C_A_B_B
2000,sn2,C_E_E_B_A_C
2001,sn2,A_B_C_D_A_C
2002,sn2,A_C_C_E_A_C
2003,e2,A_A_A_D_A_B
2004,e2,A_A_C_E_B_B
2005,e2,A_A_E_E_C_D
2006,sn2,A_B_A_E_B_B
2007,e2,A_D_C_E_B_C
2008,e2,C_C_A_A_C_C
2009,sn2,D_A_E_E_B_D
2010,sn2,D_A_A_B_C_B
2011,e2,D_D_E_C_B_C
2012,sn2,C_D_A_D_C_C
2013,sn2,D_A_C_A_A_C
2014,e2,A_A_D_D_B_C
2015,sn2,A_C_C_D_B_B
2016,sn2,A_C_C_B_B_D
2017,sn2,A_E_D_A_A_C
2018,sn2,C_E_E_E_C_B
2019,e2,B_D_D_E_B_C
2020,e2,D_C_E_E_C_B
2021,e2,B_B_A_E_C_B
2022,sn2,B_C_C_E_B_B
2023,sn2,D_B_A_E_B_B
2024,sn2,E_A_D_A_A_C
2025,sn2,E_A_C_B_B_B
2026,e2,C_C_E_D_B_C
2027,e2,D_A_A_E_C_C
2028,e2,E_C_D_A_B_B
2029,sn2,A_D_B_A_A_D
2030,sn2,D_D_D_B_C_C
2031,sn2,B_A_B_C_A_C
2032,sn2,D_C_A_D_A_C
2033,e2,A_A_E_D_B_D
2034,sn2,B_E_E_D_B_B
2035,sn2,B_A_E_E_C_B
2036,sn2,D_D_A_A_B_D
2037,sn2,A_B_E_A_A_C
2038,e2,D_D_E_D_B_B
2039,e2,C_B_E_A_B_B
2040,sn2,A_A_D_D_A_D
2041,e2,C_E_A_A_B_B
2042,sn2,A_B_D_D_B_B
2043,sn2,B_A_D_E_B_D
2044,sn2,A_B_C_A_C_C
2045,e2,E_B_D_A_C_B
2046,e2,A_C_D_A_C_B
2047,sn2,A_D_C_B_C_B
2048,sn2,A_A_B_E_C_C
2049,e2,E_D_B_C_C_B
2050,sn2,D_A_E_B_B_B
2051,sn2,A_A_E_C_C_C
2052,e2,A_B_A_D_B_B
2053,sn2,A_D_A_D_C_B
2054,sn2,D_A_D_C_B_B
2055,sn2,D_C_C_A_B_D
2056,sn2,B_C_C_D_B_B
2057,e2,C_D_E_C_C_B
2058,e2,C_C_D_D_C_B
2059,e2,A_D_E_E_C_C
2060,e2,B_C_E_E_C_C
2061,sn2,E_C_D_D_A_C
2062,sn2,C_E_E_A_C_B
2063,sn2,D_A_B_B_A_C
2064,e2,C_A_E_C_C_D
2065,sn2,D_D_C_C_B_B
2066,sn2,C_B_A_D_A_C
2067,e2,D_A_E_A_C_B
2068,sn2,B_D_E_C_C_B
2069,sn2,B_D_C_D_A_C
2070,sn2,A_D_C_A_A_C
2071,e2,D_C_A_D_C_C
2072,sn2,A_D_E_D_C_C
2073,e2,E_C_D_A_C_B
2074,sn2,D_C_A_A_B_D
2075,sn2,A_C_E_D_B_D
2076,sn2,D_B_E_A_A_D
2077,sn2,E_C_C_A_A_D
2078,e2,A_D_A_E_C_B
2079,sn2,B_A_D_A_B_D
2080,sn2,A_A_E_B_B_D
2081,e2,D_C_D_A_B_C
2082,e2,A_A_A_D_C_C
2083,sn2,A_A_A_B_C_B
2084,sn2,C_A_E_D_A_C
2085,e2,A_E_A_A_C_B
2086,e2,E_A_C_D_C_B
2087,e2,E_D_C_D_B_B
2088,e2,D_E_E_A_B_B
2089,sn2,E_B_C_E_B_B
2090,sn2,B_A_B_A_B_B
2091,e2,D_E_B_A_B_B
2092,sn2,C_D_A_E_C_C
2093,e2,D_D_D_A_B_B
2094,sn2,D_D_B_E_B_B
2095,sn2,A_A_B_B_B_B
2096,e2,C_E_A_C_B_B
2097,sn2,C_A_D_E_B_D
2098,e2,C_C_A_E_C_C
2099,sn2,E_B_A_C_B_B
2100,e2,E_E_B_A_C_B
2101,e2,E_D_A_C_B_B
2102,sn2,D_D_C_D_C_C
2103,sn2,B_A_D_E_C_C
2104,sn2,A_A_C_E_A_D
2105,sn2,D_C_D_C_C_C
2106,e2,D_A_B_A_C_B
2107,e2,B_A_A_A_A_C
2108,e2,B_A_A_E_C_C
2109,sn2,A_D_A_D_B_B
2110,e2,C_A_E_B_B_C
2111,sn2,C_A_E_B_B_B
2112,sn2,C_A_D_A_B_B
2113,sn2,B_A_C_C_B_B
2114,sn2,A_C_C_B_B_B
2115,sn2,A_E_B_C_B_B
2116,e2,D_C_E_E_B_C
2117,e2,D_E_D_D_B_B
2118,sn2,B_E_E_B_C_B
2119,sn2,D_A_C_D_B_B
2120,e2,A_D_A_D_C_C
2121,e2,B_D_A_A_A_C
2122,e2,C_B_D_A_B_B
2123,sn2,D_D_B_E_A_C
2124,sn2,D_C_B_C_C_B
2125,e2,E_D_E_D_B_B
2126,sn2,D_D_C_B_A_D
2127,sn2,C_A_A_D_B_D
2128,e2,C_E_C_E_B_C
2129,e2,B_C_D_A_B_B
2130,e2,D_D_C_A_C_C
2131,sn2,D_A_B_C_A_C
2132,sn2,E_C_E_D_A_C
2133,sn2,D_A_B_A_B_D
2134,sn2,A_D_B_A_B_B
2135,sn2,D_D_C_E_C_B
2136,e2,B_D_A_E_B_B
2137,sn2,E_C_E_E_A_D
2138,sn2,A_B_D_A_A_C
2139,sn2,D_A_E_A_B_B
2140,sn2,A_C_E_A_B_D
2141,e2,A_A_A_E_B_B
2142,sn2,D_A_C_D_B_D
2143,sn2,D_D_D_C_A_C
2144,e2,A_E_D_E_C_B
2145,e2,C_E_E_B_B_B
2146,sn2,C_A_E_E_C_B
2147,sn2,D_C_A_E_B_D
2148,sn2,C_C_D_A_B_D
2149,sn2,A_D_C_C_A_C
2150,sn2,D_D_C_E_A_C
2151,sn2,D_A_A_E_B_D
2152,e2,A_C_D_E_B_B
2153,e2,A_D_E_B_C_D
2154,sn2,C_A_E_E_A_D
2155,e2,A_D_D_A_B_B
2156,e2,C_E_A_B_C_C
2157,e2,E_D_A_B_C_B
2158,e2,E_C_E_D_C_B
2159,sn2,A_E_E_D_C_B
2160,sn2,D_A_E_E_A_C
2161,sn2,A_D_D_E_A_D
2162,sn2,E_A_D_C_A_D
2163,sn2,D_A_D_E_B_D
2164,sn2,A_C_B_E_C_C
2165,sn2,A_D_C_A_A_D
2166,sn2,C_E_B_B_B_B
2167,e2,A_D_A_D_C_B
2168,sn2,E_B_A_A_A_D
2169,sn2,A_D_D_D_B_D
2170,e2,A_E_D_C_C_B
2171,sn2,B_D_C_A_A_C
2172,e2,C_E_D_A_B_B
2173,sn2,A_C_B_A_C_C
2174,sn2,D_D_C_A_C_C
2175,e2,A_B_E_A_B_D
2176,e2,A_C_E_E_B_B
2177,sn2,A_E_D_C_C_B
2178,e2,A_E_E_A_C_B
2179,sn2,A_E_C_B_B_B
2180,sn2,B_A_A_A_C_B
2181,e2,A_A_E_E_C_C
2182,sn2,D_A_B_E_C_C
2183,sn2,C_A_D_C_B_B
2184,sn2,D_E_C_A_C_B
2185,e2,A_B_C_A_C_B
2186,e2,C_A_E_C_B_B
2187,sn2,C_A_E_A_C_B
2188,sn2,A_A_B_E_B_B
2189,sn2,D_E_C_B_C_B
2190,e2,C_D_D_E_B_B
2191,sn2,D_A_C_E_A_C
2192,e2,C_A_D_D_B_C
2193,sn2,C_E_D_C_C_C
2194,sn2,A_B_A_D_B_B
2195,e2,D_D_E_E_B_B
2196,sn2,D_A_E_D_C_C
2197,sn2,D_A_C_C_C_B
2198,sn2,A_E_C_C_C_B
2199,sn2,A_B_C_B_C_B
2200,sn2,A_B_C_E_C_C
2201,e2,C_A_E_A_C_C
2202,sn2,A_D_E_E_C_C
2203,sn2,B_A_A_A_C_C
2204,sn2,B_E_E_E_B_B
2205,sn2,D_A_D_B_A_C
2206,sn2,D_C_B_A_A_C
2207,sn2,D_D_E_D_A_D
2208,sn2,A_B_A_B_C_B
2209,sn2,B_A_D_A_A_C
